County,Cost,State
Apache,853,Arizona
Cochise,"1,689",Arizona
Coconino,899,Arizona
Gila,853,Arizona
Graham,853,Arizona
Greenlee,853,Arizona
LaPaz,"1,505",Arizona
Maricopa,"1,669",Arizona
Mohave,"1,559",Arizona
Navajo,869,Arizona
Pima,"1,191",Arizona
Pinal,853,Arizona
SantaCruz,"1,299",Arizona
Yavapai,"1,177",Arizona
Yuma,"1,669",Arizona
Adams,"3,113",Colorado
Alamosa,"2,699",Colorado
Arapahoe,"2,319",Colorado
Archuleta,"2,699",Colorado
Baca,"2,699",Colorado
Bent,"1,588",Colorado
Boulder,"3,417",Colorado
Broomfield,"2,918",Colorado
Chaffee,"2,901",Colorado
Cheyenne,"1,567",Colorado
ClearCreek,"3,390",Colorado
Conejos,"2,699",Colorado
Costilla,"2,699",Colorado
Crowley,"1,709",Colorado
Custer,"2,768",Colorado
Delta,"2,948",Colorado
Denver,"3,458",Colorado
Dolores,"2,948",Colorado
Douglas,"3,496",Colorado
Eagle,"3,359",Colorado
Elbert,"2,630",Colorado
ElPaso,"2,699",Colorado
Fremont,"2,798",Colorado
Garfield,"3,359",Colorado
Gilpin,"3,353",Colorado
Grand,"3,383",Colorado
Gunnison,"2,948",Colorado
Hinsdale,"2,865",Colorado
Huerfano,"2,699",Colorado
Jackson,"3,366",Colorado
Jefferson,"3,390",Colorado
Kiowa,"1,567",Colorado
KitCarson,"1,567",Colorado
Lake,"3,336",Colorado
LaPlata,"2,699",Colorado
Larimer,"3,340",Colorado
LasAnimas,"2,699",Colorado
Lincoln,"1,567",Colorado
Logan,"1,567",Colorado
Mesa,"2,948",Colorado
Mineral,"2,699",Colorado
Moffat,"3,154",Colorado
Montezuma,"2,948",Colorado
Montrose,"2,948",Colorado
Morgan,"1,567",Colorado
Otero,"1,567",Colorado
Ouray,"2,938",Colorado
Park,"3,303",Colorado
Phillips,"1,567",Colorado
Pitkin,"3,172",Colorado
Prowers,"2,144",Colorado
Pueblo,"2,699",Colorado
RioBlanco,"3,257",Colorado
RioGrande,"2,699",Colorado
Routt,"3,366",Colorado
Saguache,"2,699",Colorado
SanJuan,"2,904",Colorado
SanMiguel,"2,948",Colorado
Sedgwick,"1,567",Colorado
Summit,"3,327",Colorado
Teller,"2,720",Colorado
Washington,"1,567",Colorado
Weld,"1,567",Colorado
Yuma,"1,567",Colorado
Ada,"1,363",Idaho
Adams,"1,363",Idaho
Bannock,"1,363",Idaho
BearLake,"1,363",Idaho
Benewah,"1,363",Idaho
Bingham,"1,363",Idaho
Blaine,"1,363",Idaho
Boise,"1,363",Idaho
Bonner,"1,363",Idaho
Bonneville,"1,363",Idaho
Boundary,"1,363",Idaho
Butte,"1,363",Idaho
Camas,"1,363",Idaho
Canyon,"1,363",Idaho
Caribou,"1,363",Idaho
Cassia,"1,363",Idaho
Clark,"1,363",Idaho
Clearwater,"1,363",Idaho
Custer,"1,363",Idaho
Elmore,"1,363",Idaho
Franklin,"1,363",Idaho
Fremont,"1,363",Idaho
Gem,"1,363",Idaho
Gooding,"1,363",Idaho
Idaho,"1,363",Idaho
Jefferson,"1,363",Idaho
Jerome,"1,363",Idaho
Kootenai,"1,363",Idaho
Latah,"1,363",Idaho
Lemhi,"1,363",Idaho
Lewis,"1,363",Idaho
Lincoln,"1,363",Idaho
Madison,"1,363",Idaho
Minidoka,"1,363",Idaho
NezPerce,"1,363",Idaho
Oneida,"1,363",Idaho
Owyhee,"1,363",Idaho
Payette,"1,363",Idaho
Power,"1,363",Idaho
Shoshone,"1,363",Idaho
Teton,"1,363",Idaho
TwinFalls,"1,363",Idaho
Valley,"1,363",Idaho
Washington,"1,363",Idaho
Adams,"1,565",Illinois
Alexander,"1,884",Illinois
Bond,"1,617",Illinois
Boone,"2,091",Illinois
Brown,"1,573",Illinois
Bureau,"1,606",Illinois
Calhoun,"1,555",Illinois
Carroll,"2,011",Illinois
Cass,"1,553",Illinois
Champaign,"1,806",Illinois
Christian,"1,580",Illinois
Clark,"1,579",Illinois
Clay,"1,708",Illinois
Clinton,"1,782",Illinois
Coles,"1,646",Illinois
Cook,"2,188",Illinois
Crawford,"1,629",Illinois
Cumberland,"1,607",Illinois
DeKalb,"1,928",Illinois
DeWitt,"1,522",Illinois
Douglas,"1,672",Illinois
DuPage,"2,061",Illinois
Edgar,"1,578",Illinois
Edwards,"1,846",Illinois
Effingham,"1,658",Illinois
Fayette,"2,028",Illinois
Ford,"1,701",Illinois
Franklin,"2,657",Illinois
Fulton,"1,513",Illinois
Gallatin,"1,804",Illinois
Greene,"1,565",Illinois
Grundy,"1,768",Illinois
Hamilton,"2,083",Illinois
Hancock,"1,565",Illinois
Hardin,"1,824",Illinois
Henderson,"1,514",Illinois
Henry,"1,545",Illinois
Iroquois,"1,679",Illinois
Jackson,"1,412",Illinois
Jasper,"1,622",Illinois
Jefferson,"2,156",Illinois
Jersey,"1,597",Illinois
JoDaviess,"2,430",Illinois
Johnson,"1,936",Illinois
Kane,"1,690",Illinois
Kankakee,"1,678",Illinois
Kendall,"1,843",Illinois
Knox,"1,394",Illinois
Lake,"2,498",Illinois
LaSalle,"1,473",Illinois
Lawrence,"1,768",Illinois
Lee,"1,699",Illinois
Livingston,"1,687",Illinois
Logan,"1,668",Illinois
Macon,"1,101",Illinois
Macoupin,"1,555",Illinois
Madison,"1,555",Illinois
Marion,"1,837",Illinois
Marshall,"1,674",Illinois
Mason,"1,889",Illinois
Massac,"1,832",Illinois
McDonough,"1,642",Illinois
McHenry,"2,619",Illinois
McLean,"1,689",Illinois
Menard,"1,532",Illinois
Mercer,"1,508",Illinois
Monroe,"2,142",Illinois
Montgomery,"1,601",Illinois
Morgan,"1,469",Illinois
Moultrie,"1,346",Illinois
Ogle,"1,459",Illinois
Peoria,"1,743",Illinois
Perry,"2,246",Illinois
Piatt,"1,522",Illinois
Pike,"1,565",Illinois
Pope,"1,804",Illinois
Pulaski,"1,868",Illinois
Putnam,"1,566",Illinois
Randolph,"1,906",Illinois
Richland,"1,832",Illinois
RockIsland,"1,561",Illinois
Saline,"1,187",Illinois
Sangamon,"1,426",Illinois
Schuyler,"1,595",Illinois
Scott,"1,539",Illinois
Shelby,"1,486",Illinois
St.Clair,"1,856",Illinois
Stark,"1,628",Illinois
Stephenson,"2,430",Illinois
Tazewell,"1,873",Illinois
Union,"1,883",Illinois
Vermilion,"1,269",Illinois
Wabash,"2,009",Illinois
Warren,"1,495",Illinois
Washington,"1,852",Illinois
Wayne,"1,862",Illinois
White,"2,009",Illinois
Whiteside,"2,114",Illinois
Will,"1,913",Illinois
Williamson,"2,357",Illinois
Winnebago,"2,245",Illinois
Woodford,"1,721",Illinois
Adams,"1,358",Indiana
Allen,"1,354",Indiana
Bartholomew,"1,811",Indiana
Benton,"2,152",Indiana
Blackford,"1,687",Indiana
Boone,"1,854",Indiana
Brown,"1,831",Indiana
Carroll,"1,828",Indiana
Cass,"1,864",Indiana
Clark,998,Indiana
Clay,"1,484",Indiana
Clinton,"1,834",Indiana
Crawford,"1,010",Indiana
Daviess,"1,552",Indiana
Dearborn,"2,519",Indiana
Decatur,"2,182",Indiana
DeKalb,"1,603",Indiana
Delaware,"1,780",Indiana
Dubois,"1,271",Indiana
Elkhart,"2,077",Indiana
Fayette,"2,042",Indiana
Floyd,"1,005",Indiana
Fountain,"1,945",Indiana
Franklin,"2,311",Indiana
Fulton,"2,145",Indiana
Gibson,"1,307",Indiana
Grant,"1,776",Indiana
Greene,"1,581",Indiana
Hamilton,"1,841",Indiana
Hancock,"1,236",Indiana
Harrison,998,Indiana
Hendricks,"1,815",Indiana
Henry,"1,872",Indiana
Howard,"1,825",Indiana
Huntington,"1,486",Indiana
Jackson,"1,466",Indiana
Jasper,"3,608",Indiana
Jay,"1,455",Indiana
Jefferson,"1,275",Indiana
Jennings,"2,137",Indiana
Johnson,"1,714",Indiana
Knox,"1,571",Indiana
Kosciusko,"2,108",Indiana
LaGrange,"2,081",Indiana
Lake,"1,838",Indiana
LaPorte,"2,085",Indiana
Lawrence,"1,568",Indiana
Madison,"1,793",Indiana
Marion,"1,870",Indiana
Marshall,"2,116",Indiana
Martin,"1,547",Indiana
Miami,"1,817",Indiana
Monroe,"1,615",Indiana
Montgomery,"1,841",Indiana
Morgan,"1,836",Indiana
Newton,"2,196",Indiana
Noble,"1,620",Indiana
Ohio,"2,451",Indiana
Orange,"1,280",Indiana
Owen,"1,405",Indiana
Parke,"1,529",Indiana
Perry,"1,129",Indiana
Pike,"1,377",Indiana
Porter,"1,861",Indiana
Posey,"1,310",Indiana
Pulaski,"2,154",Indiana
Putnam,"1,788",Indiana
Randolph,"1,826",Indiana
Ripley,"2,519",Indiana
Rush,"1,868",Indiana
Scott,998,Indiana
Shelby,"2,624",Indiana
Spencer,"1,217",Indiana
St.Joseph,"2,068",Indiana
Starke,"2,276",Indiana
Steuben,"1,766",Indiana
Sullivan,"1,465",Indiana
Switzerland,"2,339",Indiana
Tippecanoe,"1,924",Indiana
Tipton,"1,823",Indiana
Union,"2,187",Indiana
Vanderburgh,"1,299",Indiana
Vermillion,"2,243",Indiana
Vigo,915,Indiana
Wabash,"1,720",Indiana
Warren,"1,941",Indiana
Warrick,"1,279",Indiana
Washington,"1,046",Indiana
Wayne,"2,095",Indiana
Wells,"1,364",Indiana
White,"2,021",Indiana
Whitley,"1,538",Indiana
Adair,"2,012",Iowa
Adams,"1,794",Iowa
Allamakee,"1,424",Iowa
Appanoose,"1,410",Iowa
Audubon,"2,012",Iowa
Benton,"1,303",Iowa
BlackHawk,"1,433",Iowa
Boone,"1,712",Iowa
Bremer,"1,433",Iowa
Buchanan,"1,399",Iowa
BuenaVista,"1,661",Iowa
Butler,"1,443",Iowa
Calhoun,"1,745",Iowa
Carroll,"1,981",Iowa
Cass,"2,012",Iowa
Cedar,"1,326",Iowa
CerroGordo,"1,443",Iowa
Cherokee,"1,696",Iowa
Chickasaw,"1,443",Iowa
Clarke,"1,511",Iowa
Clay,"1,672",Iowa
Clayton,"1,375",Iowa
Clinton,"1,353",Iowa
Crawford,"1,947",Iowa
Dallas,"2,012",Iowa
Davis,"1,377",Iowa
Decatur,"1,432",Iowa
Delaware,"1,348",Iowa
DesMoines,"1,359",Iowa
Dickinson,"1,614",Iowa
Dubuque,"1,348",Iowa
Emmet,"1,443",Iowa
Fayette,"1,443",Iowa
Floyd,"1,443",Iowa
Franklin,"1,442",Iowa
Fremont,"1,843",Iowa
Greene,"1,892",Iowa
Grundy,"1,436",Iowa
Guthrie,"2,012",Iowa
Hamilton,"1,445",Iowa
Hancock,"1,443",Iowa
Hardin,"1,440",Iowa
Harrison,"1,872",Iowa
Henry,"1,372",Iowa
Howard,"1,443",Iowa
Humboldt,"1,486",Iowa
Ida,"1,703",Iowa
Iowa,"1,306",Iowa
Jackson,"1,350",Iowa
Jasper,"1,402",Iowa
Jefferson,"1,375",Iowa
Johnson,"1,311",Iowa
Jones,"1,298",Iowa
Keokuk,"1,376",Iowa
Kossuth,"1,443",Iowa
Lee,"1,370",Iowa
Linn,"1,264",Iowa
Louisa,"1,368",Iowa
Lucas,"1,409",Iowa
Lyon,"1,663",Iowa
Madison,"1,457",Iowa
Mahaska,"1,366",Iowa
Marion,"1,383",Iowa
Marshall,"1,440",Iowa
Mills,"1,895",Iowa
Mitchell,"1,443",Iowa
Monona,"1,667",Iowa
Monroe,"1,391",Iowa
Montgomery,"1,844",Iowa
Muscatine,"1,332",Iowa
O'Brien,"1,675",Iowa
Osceola,"1,667",Iowa
Page,"1,809",Iowa
PaloAlto,"1,568",Iowa
Plymouth,"1,661",Iowa
Pocahontas,"1,700",Iowa
Polk,"1,375",Iowa
Pottawattamie,"1,903",Iowa
Poweshiek,"1,402",Iowa
Ringgold,"1,478",Iowa
Sac,"1,795",Iowa
Scott,"1,356",Iowa
Shelby,"1,977",Iowa
Sioux,"1,661",Iowa
Story,"1,456",Iowa
Tama,"1,424",Iowa
Taylor,"1,512",Iowa
Union,"1,596",Iowa
VanBuren,"1,376",Iowa
Wapello,"1,375",Iowa
Warren,"1,408",Iowa
Washington,"1,376",Iowa
Wayne,"1,435",Iowa
Webster,"1,555",Iowa
Winnebago,"1,443",Iowa
Winneshiek,"1,431",Iowa
Woodbury,"1,661",Iowa
Worth,"1,443",Iowa
Wright,"1,443",Iowa
Aitkin,"2,054",Minnesota
Anoka,"2,159",Minnesota
Becker,"2,563",Minnesota
Beltrami,"2,330",Minnesota
Benton,"2,383",Minnesota
BigStone,"2,577",Minnesota
BlueEarth,"2,929",Minnesota
Brown,"2,791",Minnesota
Carlton,"2,112",Minnesota
Carver,"2,546",Minnesota
Cass,"2,385",Minnesota
Chippewa,"2,654",Minnesota
Chisago,"2,240",Minnesota
Clay,"2,563",Minnesota
Clearwater,"2,474",Minnesota
Cook,"2,054",Minnesota
Cottonwood,"2,845",Minnesota
CrowWing,"2,377",Minnesota
Dakota,"3,538",Minnesota
Dodge,"3,158",Minnesota
Douglas,"2,540",Minnesota
Faribault,"3,029",Minnesota
Fillmore,"3,179",Minnesota
Freeborn,"3,154",Minnesota
Goodhue,"3,181",Minnesota
Grant,"2,577",Minnesota
Hennepin,"2,391",Minnesota
Houston,"3,180",Minnesota
Hubbard,"2,384",Minnesota
Isanti,"2,220",Minnesota
Itasca,"2,054",Minnesota
Jackson,"2,888",Minnesota
Kanabec,"2,226",Minnesota
Kandiyohi,"2,594",Minnesota
Kittson,"2,563",Minnesota
Koochiching,"2,054",Minnesota
LacquiParle,"2,577",Minnesota
Lake,"2,054",Minnesota
LakeoftheWoods,"2,330",Minnesota
LeSueur,"2,895",Minnesota
Lincoln,"2,788",Minnesota
Lyon,"2,814",Minnesota
Mahnomen,"2,563",Minnesota
Marshall,"2,563",Minnesota
Martin,"2,942",Minnesota
McLeod,"2,650",Minnesota
Meeker,"2,523",Minnesota
MilleLacs,"2,296",Minnesota
Morrison,"2,434",Minnesota
Mower,"3,163",Minnesota
Murray,"2,831",Minnesota
Nicollet,"2,883",Minnesota
Nobles,"2,837",Minnesota
Norman,"2,563",Minnesota
Olmsted,"3,178",Minnesota
OtterTail,"2,563",Minnesota
Pennington,"2,517",Minnesota
Pine,"2,226",Minnesota
Pipestone,"2,830",Minnesota
Polk,"2,563",Minnesota
Pope,"2,567",Minnesota
Ramsey,"1,699",Minnesota
RedLake,"2,531",Minnesota
Redwood,"2,788",Minnesota
Renville,"2,744",Minnesota
Rice,"3,113",Minnesota
Rock,"2,837",Minnesota
Roseau,"2,330",Minnesota
Scott,"2,832",Minnesota
Sherburne,"2,315",Minnesota
Sibley,"2,744",Minnesota
St.Louis,"2,054",Minnesota
Stearns,"2,437",Minnesota
Steele,"3,133",Minnesota
Stevens,"2,577",Minnesota
Swift,"2,577",Minnesota
Todd,"2,445",Minnesota
Traverse,"2,577",Minnesota
Wabasha,"3,181",Minnesota
Wadena,"2,469",Minnesota
Waseca,"2,996",Minnesota
Washington,"2,412",Minnesota
Watonwan,"2,825",Minnesota
Wilkin,"2,567",Minnesota
Winona,"3,180",Minnesota
Wright,"2,320",Minnesota
YellowMedicine,"2,729",Minnesota
Adair,"2,280",Missouri
Andrew,"2,507",Missouri
Atchison,"2,502",Missouri
Audrain,"3,347",Missouri
Barry,"2,505",Missouri
Barton,"2,505",Missouri
Bates,"2,505",Missouri
Benton,"2,340",Missouri
Bollinger,"2,630",Missouri
Boone,"1,013",Missouri
Buchanan,"2,509",Missouri
Butler,"2,638",Missouri
Caldwell,"2,470",Missouri
Callaway,"2,738",Missouri
Camden,"2,866",Missouri
CapeGirardeau,"2,630",Missouri
Carroll,"2,296",Missouri
Carter,"2,642",Missouri
Cass,"2,510",Missouri
Cedar,"2,505",Missouri
Chariton,"2,064",Missouri
Christian,"2,563",Missouri
Clark,"2,851",Missouri
Clay,"2,504",Missouri
Clinton,"2,508",Missouri
Cole,"2,044",Missouri
Cooper,"1,743",Missouri
Crawford,"2,847",Missouri
Dade,"2,557",Missouri
Dallas,"2,923",Missouri
Daviess,"2,431",Missouri
DeKalb,"2,503",Missouri
Dent,"2,717",Missouri
Douglas,"2,889",Missouri
Dunklin,"2,633",Missouri
Franklin,"2,962",Missouri
Gasconade,"2,941",Missouri
Gentry,"2,474",Missouri
Greene,"2,584",Missouri
Grundy,"2,255",Missouri
Harrison,"2,482",Missouri
Henry,"2,493",Missouri
Hickory,"2,684",Missouri
Holt,"2,503",Missouri
Howard,"1,515",Missouri
Howell,"3,354",Missouri
Iron,"2,646",Missouri
Jackson,"2,511",Missouri
Jasper,"2,505",Missouri
Jefferson,"2,589",Missouri
Johnson,"2,481",Missouri
Knox,"2,871",Missouri
Laclede,"2,957",Missouri
Lafayette,"2,429",Missouri
Lawrence,"2,522",Missouri
Lewis,"3,016",Missouri
Lincoln,"3,499",Missouri
Linn,"2,037",Missouri
Livingston,"2,122",Missouri
Macon,"1,709",Missouri
Madison,"2,637",Missouri
Maries,"2,959",Missouri
Marion,"3,535",Missouri
McDonald,"2,505",Missouri
Mercer,"2,384",Missouri
Miller,"3,073",Missouri
Mississippi,"2,632",Missouri
Moniteau,"1,990",Missouri
Monroe,"2,613",Missouri
Montgomery,"3,444",Missouri
Morgan,"2,343",Missouri
NewMadrid,"2,633",Missouri
Newton,"2,505",Missouri
Nodaway,"2,499",Missouri
Oregon,"3,044",Missouri
Osage,"2,982",Missouri
Ozark,"3,199",Missouri
Pemiscot,"2,633",Missouri
Perry,"2,630",Missouri
Pettis,"2,198",Missouri
Phelps,"3,254",Missouri
Pike,"3,609",Missouri
Platte,"2,511",Missouri
Polk,"2,645",Missouri
Pulaski,"3,548",Missouri
Putnam,"2,420",Missouri
Ralls,"3,377",Missouri
Randolph,"1,992",Missouri
Ray,"2,496",Missouri
Reynolds,"2,654",Missouri
Ripley,"2,639",Missouri
Saline,"1,845",Missouri
Schuyler,"2,474",Missouri
Scotland,"2,851",Missouri
Scott,"2,631",Missouri
Shannon,"3,200",Missouri
Shelby,"2,747",Missouri
St.Charles,"3,609",Missouri
St.Clair,"2,507",Missouri
St.Francois,"2,610",Missouri
St.Louis,"2,378",Missouri
St.LouisCity,"2,538",Missouri
Ste.Genevieve,"2,615",Missouri
Stoddard,"2,633",Missouri
Stone,"2,398",Missouri
Sullivan,"2,270",Missouri
Taney,"2,712",Missouri
Texas,"3,422",Missouri
Vernon,"2,505",Missouri
Warren,"2,909",Missouri
Washington,"2,704",Missouri
Wayne,"2,641",Missouri
Webster,"2,636",Missouri
Worth,"2,474",Missouri
Wright,"3,289",Missouri
Beaverhead,"1,697",Montana
BigHorn,"1,697",Montana
Blaine,"1,697",Montana
Broadwater,"1,697",Montana
Carbon,"1,697",Montana
Carter,"1,697",Montana
Cascade,"1,697",Montana
Chouteau,"1,697",Montana
Custer,"1,697",Montana
Daniels,"1,697",Montana
Dawson,"1,697",Montana
DeerLodge,"1,697",Montana
Fallon,"1,697",Montana
Fergus,"1,697",Montana
Flathead,"1,697",Montana
Gallatin,"1,697",Montana
Garfield,"1,697",Montana
Glacier,"1,697",Montana
GoldenValley,"1,697",Montana
Granite,"1,697",Montana
Hill,"1,697",Montana
Jefferson,"1,697",Montana
JudithBasin,"1,697",Montana
Lake,"1,697",Montana
LewisandClark,"1,697",Montana
Liberty,"1,697",Montana
Lincoln,"1,697",Montana
Madison,"1,697",Montana
McCone,"1,697",Montana
Meagher,"1,697",Montana
Mineral,"1,697",Montana
Missoula,"1,697",Montana
Musselshell,"1,697",Montana
Park,"1,697",Montana
Petroleum,"1,697",Montana
Phillips,"1,697",Montana
Pondera,"1,697",Montana
PowderRiver,"1,697",Montana
Powell,"1,697",Montana
Prairie,"1,697",Montana
Ravalli,"1,697",Montana
Richland,"1,697",Montana
Roosevelt,"1,697",Montana
Rosebud,"1,697",Montana
Sanders,"1,697",Montana
Sheridan,"1,697",Montana
SilverBow,"1,697",Montana
Stillwater,"1,697",Montana
SweetGrass,"1,697",Montana
Teton,"1,697",Montana
Toole,"1,697",Montana
Treasure,"1,697",Montana
Valley,"1,697",Montana
Wheatland,"1,697",Montana
Wibaux,"1,697",Montana
Yellowstone,"1,697",Montana
Albany,"1,446",New York
Allegany,"1,176",New York
Bronx,"3,827",New York
Broome,887,New York
Cattaraugus,"1,271",New York
Cayuga,"1,802",New York
Chautauqua,"1,169",New York
Chemung,"1,306",New York
Chenango,"1,647",New York
Clinton,"1,277",New York
Columbia,"1,360",New York
Cortland,"1,491",New York
Delaware,"1,503",New York
Dutchess,"1,466",New York
Erie,"1,096",New York
Essex,"1,262",New York
Franklin,"1,337",New York
Fulton,"1,472",New York
Genesee,"1,202",New York
Greene,"1,403",New York
Hamilton,"1,394",New York
Herkimer,"1,793",New York
Jefferson,"1,682",New York
Kings,"2,593",New York
Lewis,"1,507",New York
Livingston,"1,354",New York
Madison,"1,882",New York
Monroe,"1,431",New York
Montgomery,"1,457",New York
Nassau,"2,410",New York
New York,"2,594",New York
Niagara,"1,835",New York
Oneida,"1,885",New York
Onondaga,"1,885",New York
Ontario,"1,207",New York
Orange,"2,917",New York
Orleans,"1,392",New York
Oswego,"1,885",New York
Otsego,"1,531",New York
Putnam,"2,615",New York
Queens,"2,072",New York
Rensselaer,"1,101",New York
Richmond,"2,572",New York
Rockland,"2,779",New York
Saratoga,"1,080",New York
Schenectady,"2,039",New York
Schoharie,"1,606",New York
Schuyler,"1,364",New York
Seneca,"1,596",New York
St.Lawrence,"1,345",New York
Steuben,"1,278",New York
Suffolk,"2,556",New York
Sullivan,"2,865",New York
Tioga,"1,026",New York
Tompkins,"1,367",New York
Ulster,"1,546",New York
Warren,"1,197",New York
Washington,"1,292",New York
Wayne,"1,788",New York
Westchester,"3,132",New York
Wyoming,"1,146",New York
Yates,"1,513",New York
Adams,"3,051",North Dakota
Barnes,"3,051",North Dakota
Benson,"3,051",North Dakota
Billings,"3,051",North Dakota
Bottineau,"3,051",North Dakota
Bowman,"3,051",North Dakota
Burke,"3,051",North Dakota
Burleigh,"3,051",North Dakota
Cass,"3,051",North Dakota
Cavalier,"3,051",North Dakota
Dickey,"3,051",North Dakota
Divide,"3,051",North Dakota
Dunn,"3,051",North Dakota
Eddy,"3,051",North Dakota
Emmons,"3,051",North Dakota
Foster,"3,051",North Dakota
GoldenValley,"3,051",North Dakota
GrandForks,"3,051",North Dakota
Grant,"3,051",North Dakota
Griggs,"3,051",North Dakota
Hettinger,"3,051",North Dakota
Kidder,"3,051",North Dakota
LaMoure,"3,051",North Dakota
Logan,"3,051",North Dakota
McHenry,"3,051",North Dakota
McIntosh,"3,051",North Dakota
McKenzie,"3,051",North Dakota
McLean,"3,051",North Dakota
Mercer,"3,051",North Dakota
Morton,"3,051",North Dakota
Mountrail,"3,051",North Dakota
Nelson,"3,051",North Dakota
Oliver,"3,051",North Dakota
Pembina,"3,051",North Dakota
Pierce,"3,051",North Dakota
Ramsey,"3,051",North Dakota
Ransom,"3,051",North Dakota
Renville,"3,051",North Dakota
Richland,"3,051",North Dakota
Rolette,"3,051",North Dakota
Sargent,"3,051",North Dakota
Sheridan,"3,051",North Dakota
Sioux,"3,051",North Dakota
Slope,"3,051",North Dakota
Stark,"3,051",North Dakota
Steele,"3,051",North Dakota
Stutsman,"3,051",North Dakota
Towner,"3,051",North Dakota
Traill,"3,051",North Dakota
Walsh,"3,051",North Dakota
Ward,"3,051",North Dakota
Wells,"3,051",North Dakota
Williams,"3,051",North Dakota
Adams,"1,457",Ohio
Allen,"3,095",Ohio
Ashland,"1,846",Ohio
Ashtabula,"3,640",Ohio
Athens,"2,056",Ohio
Auglaize,"1,425",Ohio
Belmont,"1,734",Ohio
Brown,"1,203",Ohio
Butler,"1,436",Ohio
Carroll,"1,931",Ohio
Champaign,"2,079",Ohio
Clark,"3,078",Ohio
Clermont,"2,006",Ohio
Clinton,"1,482",Ohio
Columbiana,"1,806",Ohio
Coshocton,"1,830",Ohio
Crawford,"2,665",Ohio
Cuyahoga,"1,550",Ohio
Darke,"1,497",Ohio
Defiance,"2,843",Ohio
Delaware,"1,658",Ohio
Erie,"1,730",Ohio
Fairfield,"2,041",Ohio
Fayette,"2,068",Ohio
Franklin,"1,602",Ohio
Fulton,"2,246",Ohio
Gallia,"2,145",Ohio
Geauga,"1,593",Ohio
Greene,"1,462",Ohio
Guernsey,"1,744",Ohio
Hamilton,"1,772",Ohio
Hancock,"2,704",Ohio
Hardin,"2,353",Ohio
Harrison,"1,792",Ohio
Henry,"1,605",Ohio
Highland,"1,974",Ohio
Hocking,"1,987",Ohio
Holmes,"1,779",Ohio
Huron,"2,058",Ohio
Jackson,"2,065",Ohio
Jefferson,"1,882",Ohio
Knox,"1,754",Ohio
Lake,"1,726",Ohio
Lawrence,"1,874",Ohio
Licking,"1,673",Ohio
Logan,"1,979",Ohio
Lorain,"1,560",Ohio
Lucas,"1,090",Ohio
Madison,"1,868",Ohio
Mahoning,886,Ohio
Marion,"1,726",Ohio
Medina,"2,289",Ohio
Meigs,"2,554",Ohio
Mercer,"1,616",Ohio
Miami,"1,236",Ohio
Monroe,"1,738",Ohio
Montgomery,"1,200",Ohio
Morgan,"1,912",Ohio
Morrow,"1,665",Ohio
Muskingum,"1,759",Ohio
Noble,"1,755",Ohio
Ottawa,"2,008",Ohio
Paulding,"2,625",Ohio
Perry,"1,729",Ohio
Pickaway,"1,764",Ohio
Pike,"2,023",Ohio
Portage,"1,627",Ohio
Preble,"1,251",Ohio
Putnam,"2,264",Ohio
Richland,"1,810",Ohio
Ross,"2,929",Ohio
Sandusky,"2,263",Ohio
Scioto,"1,603",Ohio
Seneca,"5,006",Ohio
Shelby,"2,086",Ohio
Stark,"2,593",Ohio
Summit,"1,277",Ohio
Trumbull,"1,195",Ohio
Tuscarawas,"1,708",Ohio
Union,"1,278",Ohio
VanWert,"2,468",Ohio
Vinton,"1,687",Ohio
Warren,"1,324",Ohio
Washington,"2,066",Ohio
Wayne,"1,748",Ohio
Williams,"2,843",Ohio
Wood,"1,711",Ohio
Wyandot,"3,822",Ohio
Adams,"1,496",Pennsylvania
Allegheny,"1,469",Pennsylvania
Armstrong,"1,371",Pennsylvania
Beaver,"1,336",Pennsylvania
Bedford,"1,045",Pennsylvania
Berks,"2,265",Pennsylvania
Blair,"1,286",Pennsylvania
Bradford,"1,303",Pennsylvania
Bucks,"2,771",Pennsylvania
Butler,"1,342",Pennsylvania
Cambria,"1,317",Pennsylvania
Cameron,"1,337",Pennsylvania
Carbon,"1,155",Pennsylvania
Centre,"1,321",Pennsylvania
Chester,"2,421",Pennsylvania
Clarion,"1,355",Pennsylvania
Clearfield,"1,336",Pennsylvania
Clinton,"1,327",Pennsylvania
Columbia,"1,350",Pennsylvania
Crawford,996,Pennsylvania
Cumberland,"1,434",Pennsylvania
Dauphin,"1,179",Pennsylvania
Delaware,"1,743",Pennsylvania
Elk,"1,337",Pennsylvania
Erie,"1,132",Pennsylvania
Fayette,988,Pennsylvania
Forest,"1,348",Pennsylvania
Franklin,"1,257",Pennsylvania
Fulton,"1,045",Pennsylvania
Greene,854,Pennsylvania
Huntingdon,"1,289",Pennsylvania
Indiana,"1,337",Pennsylvania
Jefferson,"1,348",Pennsylvania
Juniata,"1,286",Pennsylvania
Lackawanna,"1,741",Pennsylvania
Lancaster,"1,514",Pennsylvania
Lawrence,"1,131",Pennsylvania
Lebanon,"1,518",Pennsylvania
Lehigh,"1,210",Pennsylvania
Luzerne,"1,439",Pennsylvania
Lycoming,"1,311",Pennsylvania
McKean,"1,260",Pennsylvania
Mercer,909,Pennsylvania
Mifflin,"1,275",Pennsylvania
Monroe,"1,504",Pennsylvania
Montgomery,"1,570",Pennsylvania
Montour,"1,361",Pennsylvania
Northampton,"1,411",Pennsylvania
Northumberland,"1,313",Pennsylvania
Perry,"1,333",Pennsylvania
Philadelphia,"1,614",Pennsylvania
Pike,"1,890",Pennsylvania
Potter,"1,303",Pennsylvania
Schuylkill,"1,502",Pennsylvania
Snyder,"1,302",Pennsylvania
Somerset,"1,026",Pennsylvania
Sullivan,"1,307",Pennsylvania
Susquehanna,"1,710",Pennsylvania
Tioga,"1,303",Pennsylvania
Union,"1,316",Pennsylvania
Venango,"1,233",Pennsylvania
Warren,"1,153",Pennsylvania
Washington,786,Pennsylvania
Wayne,"1,774",Pennsylvania
Westmoreland,"1,206",Pennsylvania
Wyoming,"1,631",Pennsylvania
York,"1,729",Pennsylvania
Adams,"1,499",Wisconsin
Ashland,"1,193",Wisconsin
Barron,"1,355",Wisconsin
Bayfield,"1,193",Wisconsin
Brown,"1,457",Wisconsin
Buffalo,"1,506",Wisconsin
Burnett,"1,317",Wisconsin
Calumet,"1,276",Wisconsin
Chippewa,"1,323",Wisconsin
Clark,"1,087",Wisconsin
Columbia,"1,501",Wisconsin
Crawford,"1,525",Wisconsin
Dane,"1,496",Wisconsin
Dodge,"1,741",Wisconsin
Door,"1,517",Wisconsin
Douglas,"1,193",Wisconsin
Dunn,"1,482",Wisconsin
EauClaire,"1,449",Wisconsin
Florence,"1,486",Wisconsin
FondduLac,"1,428",Wisconsin
Forest,"1,441",Wisconsin
Grant,"1,525",Wisconsin
Green,"1,664",Wisconsin
GreenLake,"1,530",Wisconsin
Iowa,"1,502",Wisconsin
Iron,"1,217",Wisconsin
Jackson,"1,160",Wisconsin
Jefferson,"1,737",Wisconsin
Juneau,"1,502",Wisconsin
Kenosha,"1,155",Wisconsin
Kewaunee,"1,417",Wisconsin
LaCrosse,"1,525",Wisconsin
Lafayette,"1,587",Wisconsin
Langlade,"1,238",Wisconsin
Lincoln,"1,228",Wisconsin
Manitowoc,"1,212",Wisconsin
Marathon,"1,087",Wisconsin
Marinette,"1,517",Wisconsin
Marquette,"1,516",Wisconsin
Menominee,"1,677",Wisconsin
Milwaukee,"1,938",Wisconsin
Monroe,"1,480",Wisconsin
Oconto,"1,517",Wisconsin
Oneida,"1,287",Wisconsin
Outagamie,"1,693",Wisconsin
Ozaukee,"1,469",Wisconsin
Pepin,"1,494",Wisconsin
Pierce,"1,506",Wisconsin
Polk,"1,506",Wisconsin
Portage,"1,874",Wisconsin
Price,"1,130",Wisconsin
Racine,"1,977",Wisconsin
Richland,"1,515",Wisconsin
Rock,"2,189",Wisconsin
Rusk,"1,111",Wisconsin
Sauk,"1,498",Wisconsin
Sawyer,"1,251",Wisconsin
Shawano,"1,771",Wisconsin
Sheboygan,"1,089",Wisconsin
St.Croix,"1,506",Wisconsin
Taylor,"1,087",Wisconsin
Trempealeau,"1,414",Wisconsin
Vernon,"1,518",Wisconsin
Vilas,"1,287",Wisconsin
Walworth,"1,854",Wisconsin
Washburn,"1,377",Wisconsin
Washington,"1,372",Wisconsin
Waukesha,"1,816",Wisconsin
Waupaca,"2,373",Wisconsin
Waushara,"1,576",Wisconsin
Winnebago,"1,312",Wisconsin
Wood,"1,087",Wisconsin